runid=mrb_084, dx=2m, dr=2m, dt=2s, Nx=198, Ny=198, Nr=198, tiles=9x9, lead_width=100m, viscC2Smag=3.1, viscAz=1.E-6, viscAh=1.E-6, diffKhT=0, diffKzT=0, diffKhS=0, diffKzS=0, tempAdvScheme=33, saltAdvScheme=33, Q=200W, sf=StefansLaw(0.025), forcing_time=24h, total_time=36h, initial_conditions=mooring(4_layers),
-> Baseline

runid=mrb_085, dx=4m, dr=4m, dt=4s, Nx=99,  Ny=99,  Nr=99,  tiles=9x9, lead_width=100m, viscC2Smag=3.1, viscAz=1.E-6, viscAh=1.E-6, diffKhT=0, diffKzT=0, diffKhS=0, diffKzS=0, tempAdvScheme=33, saltAdvScheme=33, Q=200W, sf=StefansLaw(0.025), forcing_time=24h, total_time=36h, initial_conditions=mooring(4_layers),
-> Lower resolution and bigger timestep -> Similar results to mrb_084

runid=mrb_086, dx=4m, dr=4m, dt=4s, Nx=99,  Ny=198, Nr=99,  tiles=9x9, lead_width=100m, viscC2Smag=3.1, viscAz=1.E-6, viscAh=1.E-6, diffKhT=0, diffKzT=0, diffKhS=0, diffKzS=0, tempAdvScheme=33, saltAdvScheme=33, Q=200W, sf=StefansLaw(0.025), forcing_time=24h, total_time=36h, initial_conditions=mooring(4_layers),
-> Wider domain in cross-lead axis (to test boundary effects) -> Compare to mrb_085

runid=mrb_087, dx=4m, dr=4m, dt=4s, Nx=99,  Ny=99, Nr=99,  tiles=9x9, lead_width=100m, viscC2Smag=3.1, viscAz=1.E-6, viscAh=1.E-6, diffKhT=0, diffKzT=0, diffKhS=0, diffKzS=0, tempAdvScheme=33, saltAdvScheme=33, Q=0W,    sf=StefansLaw(0.025), forcing_time=24h, total_time=36h, initial_conditions=mooring(4_layers),
-> No heat forcing; only salt -> Compare to mrb_085

runid=mrb_088, dx=4m, dr=4m, dt=4s, Nx=66,  Ny=297, Nr=99,  tiles=1x9, lead_width=100m, viscC2Smag=3.1, viscAz=1.E-6, viscAh=1.E-6, diffKhT=0, diffKzT=0, diffKhS=0, diffKzS=0, tempAdvScheme=33, saltAdvScheme=33, Q=200W, sf=StefansLaw(0.025), forcing_time=24h, total_time=36h, initial_conditions=mooring(4_layers),
-> Wider domain in cross-lead axis (to test boundary effects) -> Compare to mrb_085, mrb_086

runid=mrb_089, dx=4m, dr=4m, dt=4s, Nx=33,  Ny=594, Nr=99,  tiles=1x9, lead_width=100m, viscC2Smag=3.1, viscAz=1.E-6, viscAh=1.E-6, diffKhT=0, diffKzT=0, diffKhS=0, diffKzS=0, tempAdvScheme=33, saltAdvScheme=33, Q=200W, sf=StefansLaw(0.025), forcing_time=24h, total_time=36h, initial_conditions=mooring(4_layers),
-> Wider domain in cross-lead axis (to test boundary effects) -> Compare to mrb_085, mrb_086, mrb_088

runid=mrb_090, dx=4m, dr=4m, dt=4s, Nx=33,  Ny=594, Nr=99,  tiles=1x9, lead_width=100m, viscC2Smag=3.1, viscAz=1.E-6, viscAh=1.E-6, diffKhT=0, diffKzT=0, diffKhS=0, diffKzS=0, tempAdvScheme=33, saltAdvScheme=33, Q=200W, sf=StefansLaw(0.025), forcing_time=24h, total_time=36h, initial_conditions=mooring(3_layers_with_jump),
-> Build a jump into the initial conditions to better match the obs -> Compare to mrb_089, mooring

runid=mrb_091, dx=4m, dr=4m, dt=4s, Nx=33,  Ny=594, Nr=99,  tiles=1x9, lead_width=100m, viscC2Smag=4, viscAz=0, viscAh=0, diffKhT=0, diffKzT=0, diffKhS=0, diffKzS=0, tempAdvScheme=33, saltAdvScheme=33, Q=200W, sf=StefansLaw(0.037), forcing_time=24h, total_time=36h, initial_conditions=mooring(4_layers),
-> Back to normal initial conditions; increased viscC2Smag and freezing rate (justified because we have pretty ideal conditions without ridging and seasonal/cyclical effects etc) -> Compare to mrb_090, mooring

runid=mrb_092, dx=4m, dr=4m, dt=4s, Nx=33,  Ny=594, Nr=99,  tiles=1x9, lead_width=100m, viscC2Smag=3.1, viscAz=1.E-6, viscAh=1.E-6, diffKhT=0, diffKzT=0, diffKhS=0, diffKzS=0, tempAdvScheme=33, saltAdvScheme=33, Q=200W, sf=StefansLaw(0.037), forcing_time=24h, total_time=36h, initial_conditions=mooring(4_layers),
-> Back to normal initial conditions AND normal mixing/viscosities; only difference to mrb_089 is the stefan coeff -> Compare to mrb_089

runid=mrb_093, dx=4m, dr=4m, dt=4s, Nx=33,  Ny=594, Nr=99,  tiles=1x9, lead_width=100m, viscC2Smag=3.1, viscAz=1.E-5, viscAh=0, diffKhT=0, diffKzT=0, diffKhS=0, diffKzS=0, tempAdvScheme=33, saltAdvScheme=33, Q=200W, sf=StefansLaw(0.037), forcing_time=24h, total_time=36h, initial_conditions=mooring(4_layers),
-> Back to normal initial conditions and smag2D=3.1 (i.e. normal) BUT different const. values -> Compare to mrb_091 and see what the output viscosities are (figure out if constants override visc2D or viceversa etc)

runid=mrb_094, dx=4m, dr=vr, dt=4s, Nx=33,  Ny=594, Nr=99,  tiles=1x9, lead_width=100m, viscC2Smag=3.1, viscAz=1.E-5, viscAh=0, diffKhT=0, diffKzT=0, diffKhS=0, diffKzS=0, tempAdvScheme=33, saltAdvScheme=33, Q=200W, sf=StefansLaw(0.037), forcing_time=24h, total_time=36h, initial_conditions=mooring(4_layers),
-> Normal initial conditions etc BUT with variable vertical res -> Compare to mrb_093

runid=mrb_095, dx=4m, dr=vr, dt=4s, Nx=33,  Ny=594, Nr=99,  tiles=1x9, lead_width=100m, viscC2Smag=1, viscAz=1.E-5, viscAh=0, diffKhT=0, diffKzT=0, diffKhS=0, diffKzS=0, tempAdvScheme=33, saltAdvScheme=33, Q=200W, sf=StefansLaw(0.037), forcing_time=24h, total_time=36h, initial_conditions=mooring(4_layers),
-> Testing a low smag coefficient -> Compare to mrb_094

runid=mrb_096, dx=4m, dr=vr, dt=4s, Nx=33,  Ny=594, Nr=99,  tiles=1x9, lead_width=100m, viscC2Smag=6, viscAz=1.E-5, viscAh=0, diffKhT=0, diffKzT=0, diffKhS=0, diffKzS=0, tempAdvScheme=33, saltAdvScheme=33, Q=200W, sf=StefansLaw(0.037), forcing_time=24h, total_time=36h, initial_conditions=mooring(4_layers),
-> Testing a high smag coefficient -> CFL failure with both 5 and 6

runid=mrb_097, dx=4m, dr=vr, dt=4s, Nx=33,  Ny=594, Nr=99,  tiles=1x9, lead_width=100m, viscC2Smag=3.1, viscAz=2.E-4, viscAh=0, diffKhT=0, diffKzT=0, diffKhS=0, diffKzS=0, tempAdvScheme=33, saltAdvScheme=33, Q=200W, sf=StefansLaw(0.037), forcing_time=24h, total_time=36h, initial_conditions=mooring(4_layers),
-> Testing a high vertical viscosity -> Compare to mrb_093

runid=mrb_098, dx=4m, dr=vr, dt=4s, Nx=33,  Ny=594, Nr=99,  tiles=1x9, lead_width=100m, viscC2Smag=3.1, viscAz=1.E-4, viscAh=0, diffKhT=0, diffKzT=0, diffKhS=0, diffKzS=0, tempAdvScheme=33, saltAdvScheme=33,   Q=0W, sf=0g/m2/s, forcing_time=24h, total_time=36h, initial_conditions=mooring(4_layers),
-> No forcing just looking at diffusvities from the advection scheme

runid=mrb_099, dx=4m, dr=vr, dt=4s, Nx=33,  Ny=594, Nr=99,  tiles=1x9, lead_width=100m, smag3D=1.0E-02, viscAz=0, viscAh=0, diffKhT=0, diffKzT=0, diffKhS=0, diffKzS=0, tempAdvScheme=33, saltAdvScheme=33, Q=200W, sf=StefansLaw(0.037), forcing_time=24h, total_time=36h, initial_conditions=mooring(4_layers),
-> Testing smag 3D with the default coefficient

runid=mrb_100, dx=4m, dr=vr, dt=4s, Nx=33,  Ny=594, Nr=99,  tiles=1x9, lead_width=100m, smag3D=1.0E-01, viscAz=0, viscAh=0, diffKhT=0, diffKzT=0, diffKhS=0, diffKzS=0, tempAdvScheme=33, saltAdvScheme=33, Q=200W, sf=StefansLaw(0.037), forcing_time=24h, total_time=36h, initial_conditions=mooring(4_layers),
-> Testing smag 3D with the increased coeff

runid=mrb_101, dx=4m, dr=vr, dt=4s, Nx=33,  Ny=594, Nr=99,  tiles=1x9, lead_width=100m, smag3D=1.0E-03, viscAz=0, viscAh=0, diffKhT=0, diffKzT=0, diffKhS=0, diffKzS=0, tempAdvScheme=33, saltAdvScheme=33, Q=200W, sf=StefansLaw(0.037), forcing_time=24h, total_time=36h, initial_conditions=mooring(4_layers),
-> Testing smag 3D with the decreased coeff

runid=mrb_102, dx=4m, dr=vr, dt=4s, Nx=33,  Ny=297, Nr=99,  tiles=1x9, lead_width=100m, smag3D=1.0E-02, viscAz=0, viscAh=0, diffKhT=0, diffKzT=0, diffKhS=0, diffKzS=0, tempAdvScheme=33, saltAdvScheme=33, Q=200W, sf=StefansLaw(0.037), forcing_time=24h, total_time=36h, initial_conditions=mooring(4_layers),
-> Testing if the smaller domain affects the net HF -> compare with mrb_099

runid=mrb_103, dx=4m, dr=vr, dt=4s, Nx=1,  Ny=297, Nr=99,  tiles=1x9, lead_width=100m, smag3D=1.0E-02, viscAz=0, viscAh=0, diffKhT=0, diffKzT=0, diffKhS=0, diffKzS=0, tempAdvScheme=33, saltAdvScheme=33, Q=200W, sf=StefansLaw(0.037), forcing_time=24h, total_time=36h, initial_conditions=mooring(4_layers),
-> 2D small domain

runid=mrb_104, dx=4m, dr=vr, dt=4s, Nx=1,  Ny=594, Nr=99,  tiles=1x9, lead_width=100m, smag3D=1.0E-02, viscAz=0, viscAh=0, diffKhT=0, diffKzT=0, diffKhS=0, diffKzS=0, tempAdvScheme=33, saltAdvScheme=33, Q=200W, sf=StefansLaw(0.037), forcing_time=24h, total_time=36h, initial_conditions=mooring(4_layers),
-> 2D medium domain

runid=mrb_105, dx=4m, dr=vr, dt=4s, Nx=1,  Ny=1188, Nr=99,  tiles=1x9, lead_width=100m, smag3D=1.0E-02, viscAz=0, viscAh=0, diffKhT=0, diffKzT=0, diffKhS=0, diffKzS=0, tempAdvScheme=33, saltAdvScheme=33, Q=200W, sf=StefansLaw(0.037), forcing_time=24h, total_time=36h, initial_conditions=mooring(4_layers),
-> 2D wide domain

runid=mrb_106, dx=4m, dr=vr, dt=4s, Nx=1,  Ny=594, Nr=99,  tiles=1x9, lead_width=100m, smag3D=1.0E-02, viscAz=0, viscAh=0, diffKhT=0, diffKzT=0, diffKhS=0, diffKzS=0, tempAdvScheme=33, saltAdvScheme=33, Q=200W, sf=StefansLaw(0.037), forcing_time=24h, total_time=36h, initial_conditions=mooring(4_layers),
-> 2D medium domain with U and V sponges

runid=mrb_107, dx=4m, dr=vr, dt=4s, Nx=1,  Ny=1188, Nr=99,  tiles=1x9, lead_width=100m, smag3D=1.0E-02, viscAz=0, viscAh=0, diffKhT=0, diffKzT=0, diffKhS=0, diffKzS=0, tempAdvScheme=33, saltAdvScheme=33, Q=200W, sf=StefansLaw(0.037), forcing_time=24h, total_time=36h, initial_conditions=mooring(4_layers),
-> 2D wide domain with U and V sponges

runid=mrb_108, dx=4m, dr=vr, dt=4s, Nx=33,  Ny=594, Nr=99,  tiles=1x9, lead_width=100m, smag3D=1.0E-02, viscAz=0, viscAh=0, diffKhT=0, diffKzT=0, diffKhS=0, diffKzS=0, tempAdvScheme=33, saltAdvScheme=33, Q=200W, sf=StefansLaw(0.037), forcing_time=24h, total_time=36h, initial_conditions=mooring(4_layers),
-> 3D medium domain with U and V sponges

runid=mrb_109, dx=4m, dr=vr, dt=4s, Nx=33,  Ny=1188, Nr=99,  tiles=1x9, lead_width=100m, smag3D=1.0E-02, viscAz=0, viscAh=0, diffKhT=0, diffKzT=0, diffKhS=0, diffKzS=0, tempAdvScheme=33, saltAdvScheme=33, Q=200W, sf=StefansLaw(0.037), forcing_time=24h, total_time=36h, initial_conditions=mooring(4_layers),
-> 3D wide domain no sponges

runid=mrb_110, dx=4m, dr=vr, dt=4s, Nx=33,  Ny=1188, Nr=99,  tiles=1x9, lead_width=100m, smag3D=1.0E-02, viscAz=0, viscAh=0, diffKhT=0, diffKzT=0, diffKhS=0, diffKzS=0, tempAdvScheme=33, saltAdvScheme=33, Q=200W, sf=StefansLaw(0.037), forcing_time=24h, total_time=36h, initial_conditions=mooring(4_layers),
-> 3D wide domain with U and V sponges

runid=mrb_111, dx=4m, dr=vr, dt=4s, Nx=33,  Ny=297, Nr=99,  tiles=1x9, lead_width=100m, smag3D=1.0E-02, viscAz=0, viscAh=0, diffKhT=0, diffKzT=0, diffKhS=0, diffKzS=0, tempAdvScheme=33, saltAdvScheme=33, Q=200W, sf=StefansLaw(0.037), forcing_time=24h, total_time=36h, initial_conditions=mooring(4_layers),
-> 3D small domain with U and V sponges


NEW TEST RUNS:

runid=mrb_119, dx=4m, dr=vr, dt=4s, Nx=33,  Ny=297, Nr=99,  tiles=1x9, lead_width=100m, smag3D=1.0E-02, viscAz=2.E-5, viscAh=0, diffKhT=0, diffKzT=0, diffKhS=0, diffKzS=0, tempAdvScheme=33, saltAdvScheme=33, Q=200W, sf=StefansLaw(0.037), forcing_time=24h, total_time=72, initial_conditions=mooring(4_layers), tfreeze=-1.9,

runid=mrb_127, dx=4m, dr=vr, dt=4s, Nx=33,  Ny=297, Nr=99,  tiles=1x9, lead_width=100m, viscC2Smag=3.1, viscAz=2.E-5, viscAh=0, diffKhT=0, diffKzT=0, diffKhS=0, diffKzS=0, tempAdvScheme=33, saltAdvScheme=33, Q=200W, sf=StefansLaw(0.033 with deltaT=13.25), forcing_time=24h, total_time=72, initial_conditions=mooring(4_layers), tfreeze=-1.9,

runid=mrb_128, dx=4m, dr=vr, dt=4s, Nx=33,  Ny=297, Nr=99,  tiles=1x9, lead_width=100m, viscC2Smag=3.1, viscAz=2.E-4, viscAh=0, diffKhT=0, diffKzT=0, diffKhS=0, diffKzS=0, tempAdvScheme=33, saltAdvScheme=33, Q=200W, sf=StefansLaw(0.037 with deltaT=13.25), forcing_time=24h, total_time=72, initial_conditions=mooring(4_layers), tfreeze=-1.9,


NEW PAPER RUNS:

runid=mrb_120, dx=4m, dr=vr, dt=4s, Nx=33,  Ny=594, Nr=99,  tiles=1x9, lead_width=100m, viscC2Smag=3.1, viscAz=2.E-4, viscAh=0, diffKhT=0, diffKzT=0, diffKhS=0, diffKzS=0, tempAdvScheme=33, saltAdvScheme=33, Q=200W, sf=StefansLaw(0.037), forcing_time=24h, total_time=72h, initial_conditions=mooring(4_layers), tfreeze=-1.9,
-> First basic run for the paper serving as a baseline for other runs

runid=mrb_121, dx=4m, dr=vr, dt=4s, Nx=33,  Ny=594, Nr=99,  tiles=1x9, lead_width=100m, viscC2Smag=4, viscAz=2.E-4, viscAh=0, diffKhT=0, diffKzT=0, diffKhS=0, diffKzS=0, tempAdvScheme=33, saltAdvScheme=33, Q=200W, sf=StefansLaw(0.037), forcing_time=24h, total_time=72h, initial_conditions=mooring(4_layers), tfreeze=-1.9,
runid=mrb_121_1; repeated twin of above to test different deltaT (here: 17.25)

runid=mrb_122, dx=4m, dr=vr, dt=4s, Nx=33,  Ny=594, Nr=99,  tiles=1x9, lead_width=100m, viscC2Smag=3.1, viscAz=2.E-6, viscAh=0, diffKhT=0, diffKzT=0, diffKhS=0, diffKzS=0, tempAdvScheme=33, saltAdvScheme=33, Q=200W, sf=StefansLaw(0.037), forcing_time=24h, total_time=72h, initial_conditions=mooring(4_layers), tfreeze=-1.9,

runid=mrb_123, dx=4m, dr=vr, dt=4s, Nx=33,  Ny=594, Nr=99,  tiles=1x9, lead_width=200m, viscC2Smag=3.1, viscAz=2.E-5, viscAh=0, diffKhT=0, diffKzT=0, diffKhS=0, diffKzS=0, tempAdvScheme=33, saltAdvScheme=33, Q=200W, sf=StefansLaw(0.037), forcing_time=24h, total_time=72h, initial_conditions=mooring(4_layers), tfreeze=-1.9,

runid=mrb_124, dx=4m, dr=vr, dt=4s, Nx=33,  Ny=594, Nr=99,  tiles=1x9, lead_width=100m, viscC2Smag=4, viscAz=2.E-4, viscAh=0, diffKhT=0, diffKzT=0, diffKhS=0, diffKzS=0, tempAdvScheme=33, saltAdvScheme=33, Q=200W, sf=StefansLaw(0.037), forcing_time=24h, total_time=72h, initial_conditions=mooring(4_layers), tfreeze=-1.87,

runid=mrb_125, dx=4m, dr=vr, dt=4s, Nx=33,  Ny=594, Nr=99,  tiles=1x9, lead_width=48m, viscC2Smag=3.1, viscAz=2.E-5, viscAh=0, diffKhT=0, diffKzT=0, diffKhS=0, diffKzS=0, tempAdvScheme=33, saltAdvScheme=33, Q=200W, sf=StefansLaw(0.037), forcing_time=24h, total_time=72, initial_conditions=mooring(4_layers), tfreeze=-1.9,

runid=mrb_126, dx=4m, dr=vr, dt=4s, Nx=33,  Ny=594, Nr=99,  tiles=1x9, lead_width=100m, viscC2Smag=3.1, viscAz=2.E-5, viscAh=0, diffKhT=0, diffKzT=0, diffKhS=0, diffKzS=0, tempAdvScheme=33, saltAdvScheme=33, Q=200W, sf=StefansLaw(0.031), forcing_time=24h, total_time=72, initial_conditions=mooring(4_layers), tfreeze=-1.9,

runid=mrb_129, dx=4m, dr=vr, dt=4s, Nx=33,  Ny=594, Nr=99,  tiles=1x9, lead_width=100m, viscC2Smag=3.1, viscAz=2.E-5, viscAh=0, diffKhT=0, diffKzT=0, diffKhS=0, diffKzS=0, tempAdvScheme=33, saltAdvScheme=33, Q=0W, sf=StefansLaw(0.037 with deltaT=17.25), forcing_time=24h, total_time=72, initial_conditions=mooring(4_layers), tfreeze=-1.9,

runid=mrb_130, dx=4m, dr=vr, dt=4s, Nx=33,  Ny=594, Nr=99,  tiles=1x9, lead_width=100m, viscC2Smag=3.1, viscAz=2.E-5, viscAh=0, diffKhT=0, diffKzT=0, diffKhS=0, diffKzS=0, tempAdvScheme=33, saltAdvScheme=33, Q=200W, sf=StefansLaw(0.037), forcing_time=24h, total_time=72h, initial_conditions=mooring(4_layers), tfreeze=-1.9,

runid=mrb_131, dx=4m, dr=vr, dt=4s, Nx=33,  Ny=594, Nr=99,  tiles=1x9, lead_width=100m, viscC2Smag=3.1, viscAz=2.E-5, viscAh=0, diffKhT=0, diffKzT=0, diffKhS=0, diffKzS=0, tempAdvScheme=33, saltAdvScheme=33, Q=1000W, sf=StefansLaw(0.037), forcing_time=24h, total_time=72h, initial_conditions=mooring(4_layers), tfreeze=-1.9,

runid=mrb_132, dx=4m, dr=vr, dt=4s, Nx=33,  Ny=594, Nr=99,  tiles=1x9, lead_width=100m, viscC2Smag=2.2, viscAz=2.E-4, viscAh=0, diffKhT=0, diffKzT=0, diffKhS=0, diffKzS=0, tempAdvScheme=33, saltAdvScheme=33, Q=200W, sf=StefansLaw(0.037), forcing_time=24h, total_time=72h, initial_conditions=mooring(4_layers), tfreeze=-1.9,

runid=mrb_133, dx=4m, dr=vr, dt=4s, Nx=33,  Ny=594, Nr=99,  tiles=1x9, lead_width=100m, viscC2Smag=3.1, viscAz=2.E-5, viscAh=0, diffKhT=0, diffKzT=0, diffKhS=0, diffKzS=0, tempAdvScheme=33, saltAdvScheme=33, Q=200W, sf=StefansLaw(0.034), forcing_time=24h, total_time=72, initial_conditions=mooring(4_layers), tfreeze=-1.9,

runid=mrb_134, dx=4m, dr=vr, dt=4s, Nx=33,  Ny=594, Nr=99,  tiles=1x9, lead_width=100m, viscC2Smag=4, viscAz=2.E-4, viscAh=0, diffKhT=0, diffKzT=0, diffKhS=0, diffKzS=0, tempAdvScheme=33, saltAdvScheme=33, Q=200W, sf=StefansLaw(0.037), forcing_time=24h, total_time=72h, initial_conditions=mooring(4_layers), tfreeze=-1.84,

runid=mrb_135, dx=4m, dr=vr, dt=4s, Nx=33,  Ny=297, Nr=99,  tiles=1x9, lead_width=100m, viscC2Smag=3.1, viscAz=2.E-5, viscAh=0, diffKhT=0, diffKzT=0, diffKhS=0, diffKzS=0, tempAdvScheme=33, saltAdvScheme=33, Q=200W, sf=StefansLaw(0.037), forcing_time=24h, total_time=72h, initial_conditions=mooring(4_layers), tfreeze=-1.9,

runid=mrb_136, dx=4m, dr=vr, dt=4s, Nx=33, Ny=1188, Nr=99,  tiles=1x9, lead_width=100m, viscC2Smag=3.1, viscAz=2.E-5, viscAh=0, diffKhT=0, diffKzT=0, diffKhS=0, diffKzS=0, tempAdvScheme=33, saltAdvScheme=33, Q=200W, sf=StefansLaw(0.037), forcing_time=24h, total_time=72h, initial_conditions=mooring(4_layers), tfreeze=-1.9,

runid=mrb_137, dx=4m, dr=vr, dt=4s, Nx=33, Ny=297, Nr=99,  tiles=1x9, lead_width=100m, viscC2Smag=none, viscAz=2.E-4, viscAh=1.E-2, diffKhT=0, diffKzT=0, diffKhS=0, diffKzS=0, tempAdvScheme=33, saltAdvScheme=33, Q=200W, sf=StefansLaw(0.037), forcing_time=24h, total_time=72h, initial_conditions=mooring(4_layers), tfreeze=-1.9,
runid=mrb_137_1 -> twin to test model setup

runid=mrb_138, dx=2m, dr=vr*2, dt=3s, Nx=66, Ny=594, Nr=198, tiles=2x9, lead_width=100m, viscC2Smag=none, viscAz=2.E-4, viscAh=1.E-2, diffKhT=0, diffKzT=0, diffKhS=0, diffKzS=0, tempAdvScheme=33, saltAdvScheme=33, Q=200W, sf=StefansLaw(0.037), forcing_time=24h, total_time=72h, initial_conditions=mooring(4_layers), tfreeze=-1.9,

runid=mrb_139, dx=4m, dr=vr, dt=4s, Nx=33,  Ny=594, Nr=99,  tiles=1x9, lead_width=100m, viscC2Smag=3.1, viscAz=2.E-3, viscAh=0, diffKhT=0, diffKzT=0, diffKhS=0, diffKzS=0, tempAdvScheme=33, saltAdvScheme=33, Q=200W, sf=StefansLaw(0.037), forcing_time=24h, total_time=72h, initial_conditions=mooring(4_layers), tfreeze=-1.9,

runid=mrb_140, dx=8m, dr=vr/2, dt=8s, Nx=13, Ny=119, Nr=45,  tiles=1x4, lead_width=100m, viscC2Smag=none, viscAz=2.E-4, viscAh=1.E-2, diffKhT=0, diffKzT=0, diffKhS=0, diffKzS=0, tempAdvScheme=33, saltAdvScheme=33, Q=200W, sf=StefansLaw(0.037), forcing_time=24h, total_time=72h, initial_conditions=mooring(4_layers), tfreeze=-1.9,
-> Don't know why I did 13 because it should be closer to 33/2 so obviously the heat anomalies will be lower than expected

runid=mrb_140_1, dx=8m, dr=vr, dt=4s, Nx=17, Ny=149, Nr=99,  tiles=1x3, lead_width=100m, viscC2Smag=none, viscAz=2.E-4, viscAh=1.E-2, diffKhT=0, diffKzT=0, diffKhS=0, diffKzS=0, tempAdvScheme=33, saltAdvScheme=33, Q=200W, sf=StefansLaw(0.037), forcing_time=24h, total_time=72h, initial_conditions=mooring(4_layers), tfreeze=-1.9,
-> Tried to test if increasing Nr but keeping dx low would help; messed up the data file (left dx=4 accidentally) so this was a dud

runid=mrb_140_2, dx=8m, dr=vr, dt=4s, Nx=17, Ny=149, Nr=99,  tiles=1x3, lead_width=100m, viscC2Smag=none, viscAz=2.E-4, viscAh=1.E-2, diffKhT=0, diffKzT=0, diffKhS=0, diffKzS=0, tempAdvScheme=33, saltAdvScheme=33, Q=200W, sf=StefansLaw(0.037), forcing_time=24h, total_time=72h, initial_conditions=mooring(4_layers), tfreeze=-1.9,
-> Repeat of 140_1 but I will fix the data file 

runid=mrb_141, dx=4m, dr=vr, dt=4s, Nx=33, Ny=594, Nr=99,  tiles=1x9, lead_width=100m, viscC2Smag=3.1, viscAz=2.E-5, viscAh=0, diffKhT=0, diffKzT=0, diffKhS=0, diffKzS=0, tempAdvScheme=33, saltAdvScheme=33, Q=200W, sf=StefansLaw(0.037), forcing_time=24h, total_time=72h, initial_conditions=mooring(4_layers), tfreeze=-1.9,
-> Mask sides and bottom

runid=mrb_142, dx=4m, dr=vr, dt=4s, Nx=33, Ny=594, Nr=99,  tiles=1x9, lead_width=100m, viscC2Smag=3.1, viscAz=2.E-5, viscAh=0, diffKhT=0, diffKzT=0, diffKhS=0, diffKzS=0, tempAdvScheme=33, saltAdvScheme=33, Q=200W, sf=StefansLaw(0.037), forcing_time=24h, total_time=72h, initial_conditions=mooring(4_layers), tfreeze=-1.9,
-> Mask only bottom

runid=mrb_143, dx=4m, dr=vr, dt=4s, Nx=33, Ny=594, Nr=99,  tiles=1x9, lead_width=100m, viscC2Smag=3.1, viscAz=2.E-5, viscAh=0, diffKhT=0, diffKzT=0, diffKhS=0, diffKzS=0, tempAdvScheme=33, saltAdvScheme=33, Q=200W, sf=StefansLaw(0.037 & deltaT=21.25), forcing_time=24h, total_time=72h, initial_conditions=mooring(4_layers), tfreeze=-1.9,
-> deltaT=21.25

runid=mrb_144, dx=4m, dr=vr, dt=4s, Nx=33, Ny=594, Nr=99,  tiles=1x9, lead_width=100m, viscC2Smag=3.1, viscAz=2.E-5, viscAh=0, diffKhT=0, diffKzT=0, diffKhS=0, diffKzS=0, tempAdvScheme=33, saltAdvScheme=33, Q=200W, sf=StefansLaw(0.037 & deltaT=13.25), forcing_time=24h, total_time=72h, initial_conditions=mooring(4_layers), tfreeze=-1.9,
-> deltaT=13.25

runid=mrb_145, dx=16m, dr=vr/2, dt=4s, Nx=9, Ny=74, Nr=45,  tiles=1x2, lead_width=100m, viscC2Smag=none, viscAz=2.E-4, viscAh=1.E-2, diffKhT=0, diffKzT=0, diffKhS=0, diffKzS=0, tempAdvScheme=33, saltAdvScheme=33, Q=200W, sf=StefansLaw(0.037), forcing_time=24h, total_time=72h, initial_conditions=mooring(4_layers), tfreeze=-1.9,

runid=mrb_146, dx=16m, dr=vr, dt=4s, Nx=9, Ny=74, Nr=99,  tiles=1x2, lead_width=100m, viscC2Smag=none, viscAz=2.E-4, viscAh=1.E-2, diffKhT=0, diffKzT=0, diffKhS=0, diffKzS=0, tempAdvScheme=33, saltAdvScheme=33, Q=200W, sf=StefansLaw(0.037), forcing_time=24h, total_time=72h, initial_conditions=mooring(4_layers), tfreeze=-1.9,

etc

Future tests:
Test higher and lower viscosities with a shorter duration (although a lower viscC2Smag might be impossible)
Test different lead widths
Test different stefan values
Test different resolutions (ie 2 m)
Test different domains... maybe
Relax mask


